<?xml version="1.0" encoding="utf-8"?>
<extension type="component" version="3.0" method="upgrade">
    <name>PowerAdmin</name> 
	<identified_name>ext_poweradmin</identified_name>	
    <creationDate>11/05/2015</creationDate>
    <author>JoomlaShine.com</author>
    <authorEmail>support@joomlashine.com</authorEmail>
    <authorUrl>http://www.joomlashine.com</authorUrl>
    <copyright>Copyright (c) 2012 - JoomlaShine.com</copyright>
    <license>GNU/GPL v2 http://www.gnu.org/licenses/gpl-2.0.html</license>
    <version>2.2.8</version>
    <description>JSN PowerAdmin</description>
    <links>
        <info>http://www.joomlashine.com/joomla-extensions/jsn-poweradmin.html</info>
        <doc>http://www.joomlashine.com/joomla-extensions/jsn-poweradmin-docs.zip</doc>
        <review>http://www.joomlashine.com/joomla-extensions/jsn-poweradmin-on-jed.html</review>
        <check>http://www.joomlashine.com/versioning/product_version.php?category=cat_extension&amp;category_codename=cat_ext_poweradmin</check>
        <update>index.php?option=com_poweradmin&amp;view=update</update>        
    </links>
    <install>
        <sql>
            <file charset="utf8" driver="mysql">database/mysql/install.mysql.sql</file>         
        </sql>
    </install>
    <scriptfile>subinstall.php</scriptfile>
	
	<update> 
		<schemas>
				<schemapath type="mysql">database/mysql/update</schemapath>
		</schemas>
	</update>
    
    <subinstall>    
		<extension type="plugin" folder="system" name="jsnframework" identified_name="ext_framework" client="site" publish="1" lock="1">
			JSN Extension Framework System Plugin
		</extension>                          
        <extension type="plugin" folder="system" dir="plugins/system/jsnpoweradmin" name="jsnpoweradmin" client="site" publish="1" lock="1" />        
		<extension type="plugin" folder="jsnpoweradmin" dir="plugins/jsnpoweradmin/content" name="content" client="site" publish="1" lock="0" />
		<extension type="plugin" folder="jsnpoweradmin" dir="plugins/jsnpoweradmin/contact" name="contact" client="site" publish="1" lock="0" />
		<extension type="plugin" folder="jsnpoweradmin" dir="plugins/jsnpoweradmin/users" name="users" client="site" publish="1" lock="0" />
		<extension type="plugin" folder="jsnpoweradmin" dir="plugins/jsnpoweradmin/weblinks" name="weblinks" client="site" publish="1" lock="0" />
		<extension type="plugin" folder="jsnpoweradmin" dir="plugins/jsnpoweradmin/pagebuilder" name="pagebuilder" client="site" publish="1" lock="0" />
		 	
		<extension type="module" folder="system" dir="modules/admin/mod_poweradmin" name="mod_poweradmin" client="admin" publish="1" position="icon" title="JSN PowerAdmin Quick Icons" ordering="0" lock="0" />
    </subinstall>

    <files folder="site">       
        <filename>controller.php</filename>     
        <filename>index.html</filename>
        <filename>poweradmin.php</filename>
        <folder>controllers</folder>
        <folder>helpers</folder>        
        <folder>models</folder>
        <folder>views</folder>
    </files>    
   
    <uninstall>
        <sql>
            <file charset="utf8" driver="mysql">database/mysql/uninstall.mysql.sql</file>          
        </sql>
    </uninstall>
    
    <languages folder="admin">
        <language tag="en-GB">language/site/en-GB/en-GB.com_poweradmin.ini</language>
        <language tag="de-DE">language/site/de-DE/de-DE.com_poweradmin.ini</language>
        <language tag="es-ES">language/site/es-ES/es-ES.com_poweradmin.ini</language>
        <language tag="fr-FR">language/site/fr-FR/fr-FR.com_poweradmin.ini</language>
        <language tag="it-IT">language/site/it-IT/it-IT.com_poweradmin.ini</language>
        <language tag="jp-JP">language/site/jp-JP/jp-JP.com_poweradmin.ini</language>
        <language tag="nl-NL">language/site/nl-NL/nl-NL.com_poweradmin.ini</language>
        <language tag="pl-PL">language/site/pl-PL/pl-PL.com_poweradmin.ini</language>
        <language tag="pt-BR">language/site/pt-BR/pt-BR.com_poweradmin.ini</language>
        <language tag="pt-PT">language/site/pt-PT/pt-PT.com_poweradmin.ini</language>
        <language tag="ru-RU">language/site/ru-RU/ru-RU.com_poweradmin.ini</language>
    </languages>
    
    <administration>
        <menu link="option=com_poweradmin&amp;view=rawmode" img="components/com_poweradmin/assets/images/icons-16/icon-wrench.png" alt="JSN PowerAdmin">JSN_POWERADMIN_MENU_TEXT</menu>
        <submenu>           
            <menu link="option=com_poweradmin&amp;view=rawmode" view="rawmode" img="components/com_poweradmin/assets/images/icons-16/icon-monitor.png" alt="Site Manager (RAW)">JSN_POWERADMIN_MENU_RAWMODE_TEXT</menu>
            <menu link="option=com_poweradmin&amp;task=search.query" view="search" img="components/com_poweradmin/assets/images/icons-16/icon-search.png" alt="Site Search">JSN_POWERADMIN_MENU_SITESEARCH_TEXT</menu>
            <menu link="option=com_poweradmin&amp;view=configuration" view="config" img="components/com_poweradmin/assets/images/icons-16/icon-cog.png" alt="Configuration">JSN_POWERADMIN_MENU_CONFIGURATION_TEXT</menu>
            <menu link="option=com_poweradmin&amp;view=about" view="about" img="components/com_poweradmin/assets/images/icons-16/icon-star.png" alt="Help">JSN_POWERADMIN_MENU_ABOUT_TEXT</menu>
        </submenu>    
        
        <files folder="admin">          
            <filename>access.xml</filename>
			<filename>bootstrap.php</filename>
            <filename>config.xml</filename>
            <filename>controller.php</filename>            
			<filename>defines.poweradmin.php</filename>
			<filename>dependency.php</filename>
            <filename>index.html</filename>
			<filename>jsninstaller.php</filename>
            <filename>poweradmin.php</filename>
            <folder>assets</folder>
            <folder>controllers</folder>
            <folder>database</folder>
            <folder>elements</folder>
            <folder>extensions</folder>
            <folder>helpers</folder>
            <folder>language</folder>
            <folder>libraries</folder>
            <folder>models</folder>                     
            <folder>tables</folder>
            <folder>views</folder>            
        </files>
        
        <languages folder="admin">
            <language tag="en-GB">language/admin/en-GB/en-GB.com_poweradmin.ini</language>
            <language tag="en-GB">language/admin/en-GB/en-GB.com_poweradmin.sys.ini</language>
            <language tag="en-GB">language/admin/en-GB/en-GB.plg_system_jsnpoweradmin.ini</language>
            <language tag="en-GB">language/admin/en-GB/en-GB.plg_system_jsnpoweradmin.sys.ini</language>
            <language tag="en-GB">language/admin/en-GB/en-GB.mod_poweradmin.ini</language>
            <language tag="en-GB">language/admin/en-GB/en-GB.mod_poweradmin.sys.ini</language>

            <language tag="de-DE">language/admin/de-DE/de-DE.com_poweradmin.ini</language>
            <language tag="de-DE">language/admin/de-DE/de-DE.com_poweradmin.sys.ini</language>   
            <language tag="de-DE">language/admin/de-DE/de-DE.plg_system_jsnpoweradmin.ini</language>
            <language tag="de-DE">language/admin/de-DE/de-DE.plg_system_jsnpoweradmin.sys.ini</language>
            <language tag="de-DE">language/admin/de-DE/de-DE.mod_poweradmin.ini</language>
            <language tag="de-DE">language/admin/de-DE/de-DE.mod_poweradmin.sys.ini</language>   
            
            <language tag="es-ES">language/admin/es-ES/es-ES.com_poweradmin.ini</language>
            <language tag="es-ES">language/admin/es-ES/es-ES.com_poweradmin.sys.ini</language>
            <language tag="es-ES">language/admin/es-ES/es-ES.plg_system_jsnpoweradmin.ini</language>
            <language tag="es-ES">language/admin/es-ES/es-ES.plg_system_jsnpoweradmin.sys.ini</language>
            <language tag="es-ES">language/admin/es-ES/es-ES.mod_poweradmin.ini</language>
            <language tag="es-ES">language/admin/es-ES/es-ES.mod_poweradmin.sys.ini</language>
            
            <language tag="fr-FR">language/admin/fr-FR/fr-FR.com_poweradmin.ini</language>
            <language tag="fr-FR">language/admin/fr-FR/fr-FR.com_poweradmin.sys.ini</language>   
            <language tag="fr-FR">language/admin/fr-FR/fr-FR.plg_system_jsnpoweradmin.ini</language>
            <language tag="fr-FR">language/admin/fr-FR/fr-FR.plg_system_jsnpoweradmin.sys.ini</language>
            <language tag="fr-FR">language/admin/fr-FR/fr-FR.mod_poweradmin.ini</language>
            <language tag="fr-FR">language/admin/fr-FR/fr-FR.mod_poweradmin.sys.ini</language>           

            <language tag="it-IT">language/admin/it-IT/it-IT.com_poweradmin.ini</language>
            <language tag="it-IT">language/admin/it-IT/it-IT.com_poweradmin.sys.ini</language>   
            <language tag="it-IT">language/admin/it-IT/it-IT.plg_system_jsnpoweradmin.ini</language>
            <language tag="it-IT">language/admin/it-IT/it-IT.plg_system_jsnpoweradmin.sys.ini</language>
            <language tag="it-IT">language/admin/it-IT/it-IT.mod_poweradmin.ini</language>
            <language tag="it-IT">language/admin/it-IT/it-IT.mod_poweradmin.sys.ini</language>               

            <language tag="ja-JP">language/admin/ja-JP/ja-JP.com_poweradmin.ini</language>
            <language tag="ja-JP">language/admin/ja-JP/ja-JP.com_poweradmin.sys.ini</language>
            <language tag="ja-JP">language/admin/ja-JP/ja-JP.plg_system_jsnpoweradmin.ini</language>
            <language tag="ja-JP">language/admin/ja-JP/ja-JP.plg_system_jsnpoweradmin.sys.ini</language>
            <language tag="ja-JP">language/admin/ja-JP/ja-JP.mod_poweradmin.ini</language>
            <language tag="ja-JP">language/admin/ja-JP/ja-JP.mod_poweradmin.sys.ini</language>
            
            <language tag="nl-NL">language/admin/nl-NL/nl-NL.com_poweradmin.ini</language>
            <language tag="nl-NL">language/admin/nl-NL/nl-NL.com_poweradmin.sys.ini</language>   
            <language tag="nl-NL">language/admin/nl-NL/nl-NL.plg_system_jsnpoweradmin.ini</language>
            <language tag="nl-NL">language/admin/nl-NL/nl-NL.plg_system_jsnpoweradmin.sys.ini</language>
            <language tag="nl-NL">language/admin/nl-NL/nl-NL.mod_poweradmin.ini</language>
            <language tag="nl-NL">language/admin/nl-NL/nl-NL.mod_poweradmin.sys.ini</language>   
            
            <language tag="pl-PL">language/admin/pl-PL/pl-PL.com_poweradmin.ini</language>
            <language tag="pl-PL">language/admin/pl-PL/pl-PL.com_poweradmin.sys.ini</language>
            <language tag="pl-PL">language/admin/pl-PL/pl-PL.plg_system_jsnpoweradmin.ini</language>
            <language tag="pl-PL">language/admin/pl-PL/pl-PL.plg_system_jsnpoweradmin.sys.ini</language>
            <language tag="pl-PL">language/admin/pl-PL/pl-PL.mod_poweradmin.ini</language>
            <language tag="pl-PL">language/admin/pl-PL/pl-PL.mod_poweradmin.sys.ini</language>
            
            <language tag="pt-BR">language/admin/pt-BR/pt-BR.com_poweradmin.ini</language>
            <language tag="pt-BR">language/admin/pt-BR/pt-BR.com_poweradmin.sys.ini</language>
            <language tag="pt-BR">language/admin/pt-BR/pt-BR.plg_system_jsnpoweradmin.ini</language>
            <language tag="pt-BR">language/admin/pt-BR/pt-BR.plg_system_jsnpoweradmin.sys.ini</language>
            <language tag="pt-BR">language/admin/pt-BR/pt-BR.mod_poweradmin.ini</language>
            <language tag="pt-BR">language/admin/pt-BR/pt-BR.mod_poweradmin.sys.ini</language>

            <language tag="pt-PT">language/admin/pt-PT/pt-PT.com_poweradmin.ini</language>
            <language tag="pt-PT">language/admin/pt-PT/pt-PT.com_poweradmin.sys.ini</language>
            <language tag="pt-PT">language/admin/pt-PT/pt-PT.plg_system_jsnpoweradmin.ini</language>
            <language tag="pt-PT">language/admin/pt-PT/pt-PT.plg_system_jsnpoweradmin.sys.ini</language>
            <language tag="pt-PT">language/admin/pt-PT/pt-PT.mod_poweradmin.ini</language>
            <language tag="pt-PT">language/admin/pt-PT/pt-PT.mod_poweradmin.sys.ini</language>           
            
            <language tag="ru-RU">language/admin/ru-RU/ru-RU.com_poweradmin.ini</language>
            <language tag="ru-RU">language/admin/ru-RU/ru-RU.com_poweradmin.sys.ini</language>
            <language tag="ru-RU">language/admin/ru-RU/ru-RU.plg_system_jsnpoweradmin.ini</language>
            <language tag="ru-RU">language/admin/ru-RU/ru-RU.plg_system_jsnpoweradmin.sys.ini</language>
            <language tag="ru-RU">language/admin/ru-RU/ru-RU.mod_poweradmin.ini</language>
            <language tag="ru-RU">language/admin/ru-RU/ru-RU.mod_poweradmin.sys.ini</language>           
        </languages>    
    </administration>
    
</extension>